accuracy;accuracy2;cvscore;cvscore2;y_pred;y_pred_pr;cvpred_pr
0.65733;0.64771;"[0.68       0.64       0.68666667 0.67333333 0.66       0.67333333
 0.67333333 0.60666667 0.69333333 0.58666667]";"[0.62571429 0.62857143 0.66       0.62571429 0.67142857 0.68285714
 0.64285714 0.63714286 0.63428571 0.66857143]";[ 1 -1  1 ...  1  1  1];"[[0. 1.]
 [1. 0.]
 [0. 1.]
 ...
 [0. 1.]
 [0. 1.]
 [0. 1.]]";"[[0. 1.]
 [0. 1.]
 [1. 0.]
 ...
 [1. 0.]
 [0. 1.]
 [0. 1.]]"
0.658;0.648;"[0.68       0.64       0.68666667 0.67333333 0.66       0.67333333
 0.67333333 0.61333333 0.69333333 0.58666667]";"[0.62571429 0.62571429 0.65714286 0.62571429 0.67142857 0.68285714
 0.64857143 0.63714286 0.63714286 0.66857143]";[ 1 -1  1 ...  1  1  1];"[[0. 1.]
 [1. 0.]
 [0. 1.]
 ...
 [0. 1.]
 [0. 1.]
 [0. 1.]]";"[[0. 1.]
 [0. 1.]
 [1. 0.]
 ...
 [1. 0.]
 [0. 1.]
 [0. 1.]]"
0.65533;0.66057;"[0.68       0.64       0.66666667 0.67333333 0.66       0.67333333
 0.66666667 0.58       0.70666667 0.60666667]";"[0.63142857 0.63428571 0.68571429 0.64285714 0.68       0.69142857
 0.64571429 0.66571429 0.66285714 0.66571429]";[ 1 -1  1 ... -1  1  1];"[[0.00000000e+000 1.00000000e+000]
 [1.00000000e+000 0.00000000e+000]
 [0.00000000e+000 1.00000000e+000]
 ...
 [1.00000000e+000 8.40040175e-107]
 [0.00000000e+000 1.00000000e+000]
 [0.00000000e+000 1.00000000e+000]]";"[[0. 1.]
 [0. 1.]
 [1. 0.]
 ...
 [1. 0.]
 [0. 1.]
 [0. 1.]]"
0.656;0.66057;"[0.68       0.63333333 0.66666667 0.67333333 0.66666667 0.67333333
 0.66666667 0.58666667 0.70666667 0.60666667]";"[0.63142857 0.63142857 0.68857143 0.64285714 0.68285714 0.69714286
 0.64285714 0.66285714 0.66       0.66571429]";[ 1 -1  1 ... -1  1  1];"[[0.0000000e+000 1.0000000e+000]
 [1.0000000e+000 0.0000000e+000]
 [0.0000000e+000 1.0000000e+000]
 ...
 [1.0000000e+000 9.8521608e-129]
 [0.0000000e+000 1.0000000e+000]
 [0.0000000e+000 1.0000000e+000]]";"[[0.0000000e+000 1.0000000e+000]
 [0.0000000e+000 1.0000000e+000]
 [1.0000000e+000 0.0000000e+000]
 ...
 [1.0000000e+000 0.0000000e+000]
 [0.0000000e+000 1.0000000e+000]
 [2.7287316e-291 1.0000000e+000]]"
0.66867;0.694;"[0.72       0.66       0.64       0.69333333 0.69333333 0.64666667
 0.65333333 0.61333333 0.72       0.64666667]";"[0.72285714 0.68285714 0.72857143 0.66       0.67714286 0.70285714
 0.72       0.68285714 0.69142857 0.67142857]";[ 1  1  1 ... -1  1  1];"[[2.23430731e-083 1.00000000e+000]
 [2.07546422e-165 1.00000000e+000]
 [0.00000000e+000 1.00000000e+000]
 ...
 [1.00000000e+000 0.00000000e+000]
 [4.91365889e-135 1.00000000e+000]
 [1.53504734e-061 1.00000000e+000]]";"[[9.95111557e-001 4.88844323e-003]
 [0.00000000e+000 1.00000000e+000]
 [1.00000000e+000 0.00000000e+000]
 ...
 [1.00000000e+000 0.00000000e+000]
 [0.00000000e+000 1.00000000e+000]
 [1.87644449e-173 1.00000000e+000]]"
0.67267;0.69514;"[0.72       0.66       0.64666667 0.68666667 0.69333333 0.64666667
 0.66666667 0.62       0.74       0.64666667]";"[0.72571429 0.68       0.73142857 0.65714286 0.68       0.70857143
 0.72285714 0.68285714 0.69714286 0.66571429]";[ 1  1  1 ... -1  1  1];"[[2.43010492e-074 1.00000000e+000]
 [5.46961356e-162 1.00000000e+000]
 [0.00000000e+000 1.00000000e+000]
 ...
 [1.00000000e+000 0.00000000e+000]
 [1.21123315e-154 1.00000000e+000]
 [9.98558594e-053 1.00000000e+000]]";"[[1.00000000e+000 6.22288745e-013]
 [0.00000000e+000 1.00000000e+000]
 [1.00000000e+000 0.00000000e+000]
 ...
 [1.00000000e+000 0.00000000e+000]
 [0.00000000e+000 1.00000000e+000]
 [5.55003866e-164 1.00000000e+000]]"
0.694;0.716;"[0.72       0.73333333 0.68       0.65333333 0.72       0.65333333
 0.68666667 0.63333333 0.77333333 0.68666667]";"[0.74285714 0.73428571 0.73142857 0.68       0.68857143 0.73142857
 0.74285714 0.70571429 0.72285714 0.68      ]";[-1  1  1 ... -1  1 -1];"[[1.00000000e+000 8.84643131e-053]
 [1.19685879e-014 1.00000000e+000]
 [1.25007221e-148 1.00000000e+000]
 ...
 [1.00000000e+000 1.79795255e-282]
 [3.82125484e-003 9.96178745e-001]
 [1.00000000e+000 2.60998585e-051]]";"[[1.00000000e+00 3.99462658e-60]
 [0.00000000e+00 1.00000000e+00]
 [1.00000000e+00 0.00000000e+00]
 ...
 [1.00000000e+00 0.00000000e+00]
 [0.00000000e+00 1.00000000e+00]
 [1.55704092e-65 1.00000000e+00]]"
0.69133;0.71514;"[0.72       0.73333333 0.67333333 0.64666667 0.70666667 0.65333333
 0.68666667 0.63333333 0.76666667 0.69333333]";"[0.74571429 0.73714286 0.73714286 0.68       0.68       0.73428571
 0.73428571 0.71142857 0.72       0.67142857]";[-1  1  1 ... -1 -1 -1];"[[1.00000000e+000 8.48461043e-060]
 [1.53294310e-014 1.00000000e+000]
 [2.81018525e-152 1.00000000e+000]
 ...
 [1.00000000e+000 1.48911091e-289]
 [1.00000000e+000 5.06099897e-011]
 [1.00000000e+000 4.48527344e-055]]";"[[1.00000000e+00 3.05647958e-65]
 [0.00000000e+00 1.00000000e+00]
 [1.00000000e+00 0.00000000e+00]
 ...
 [1.00000000e+00 0.00000000e+00]
 [0.00000000e+00 1.00000000e+00]
 [1.35107471e-57 1.00000000e+00]]"
0.67;0.694;"[0.69333333 0.68       0.64666667 0.67333333 0.68666667 0.60666667
 0.66       0.7        0.66666667 0.68666667]";"[0.71142857 0.74857143 0.65714286 0.65428571 0.71428571 0.68
 0.7        0.69428571 0.70571429 0.67428571]";[-1 -1  1 ... -1  1 -1];"[[9.99777430e-01 2.22570444e-04]
 [1.00000000e+00 7.82159167e-11]
 [3.70000346e-29 1.00000000e+00]
 ...
 [9.99995790e-01 4.20977766e-06]
 [7.44272740e-06 9.99992557e-01]
 [1.00000000e+00 8.40874816e-16]]";"[[1.00000000e+00 3.92541857e-16]
 [2.69168810e-09 9.99999997e-01]
 [6.25670280e-17 1.00000000e+00]
 ...
 [1.00000000e+00 0.00000000e+00]
 [1.08279348e-10 1.00000000e+00]
 [9.99999790e-01 2.10121081e-07]]"
0.66267;0.68771;"[0.68666667 0.7        0.67333333 0.65333333 0.68       0.59333333
 0.66       0.68666667 0.65333333 0.64      ]";"[0.69428571 0.73142857 0.67428571 0.67142857 0.7        0.68
 0.67428571 0.68285714 0.68571429 0.68285714]";[-1 -1  1 ... -1  1 -1];"[[9.97149158e-01 2.85084228e-03]
 [9.99999270e-01 7.30185365e-07]
 [1.32923314e-24 1.00000000e+00]
 ...
 [9.99991870e-01 8.13017894e-06]
 [6.32587102e-07 9.99999367e-01]
 [1.00000000e+00 9.36059659e-17]]";"[[1.00000000e+00 3.06046085e-17]
 [5.10092782e-15 1.00000000e+00]
 [5.97769980e-18 1.00000000e+00]
 ...
 [1.00000000e+00 0.00000000e+00]
 [4.72181218e-11 1.00000000e+00]
 [9.99999985e-01 1.50576469e-08]]"
0.668;0.652;"[0.68666667 0.65333333 0.69333333 0.67333333 0.68666667 0.67333333
 0.68666667 0.62       0.70666667 0.6       ]";"[0.62571429 0.62857143 0.67142857 0.61714286 0.65142857 0.70571429
 0.63714286 0.66       0.64285714 0.68      ]";[ 1 -1  1 ...  1  1  1];"[[0. 1.]
 [1. 0.]
 [0. 1.]
 ...
 [0. 1.]
 [0. 1.]
 [0. 1.]]";"[[0. 1.]
 [0. 1.]
 [1. 0.]
 ...
 [1. 0.]
 [0. 1.]
 [0. 1.]]"
0.66867;0.65086;"[0.68666667 0.65333333 0.69333333 0.67333333 0.68666667 0.67333333
 0.7        0.61333333 0.70666667 0.6       ]";"[0.62571429 0.62857143 0.66571429 0.62       0.65142857 0.69714286
 0.64       0.65714286 0.64285714 0.68      ]";[ 1 -1  1 ...  1  1  1];"[[0. 1.]
 [1. 0.]
 [0. 1.]
 ...
 [0. 1.]
 [0. 1.]
 [0. 1.]]";"[[0. 1.]
 [0. 1.]
 [1. 0.]
 ...
 [1. 0.]
 [0. 1.]
 [0. 1.]]"
0.65933;0.66686;"[0.68       0.66       0.64666667 0.68       0.67333333 0.65333333
 0.68666667 0.6        0.71333333 0.6       ]";"[0.63714286 0.64571429 0.7        0.63714286 0.66285714 0.72285714
 0.65428571 0.66285714 0.67142857 0.67428571]";[ 1 -1  1 ... -1  1  1];"[[0. 1.]
 [1. 0.]
 [0. 1.]
 ...
 [1. 0.]
 [0. 1.]
 [0. 1.]]";"[[0. 1.]
 [0. 1.]
 [1. 0.]
 ...
 [1. 0.]
 [0. 1.]
 [0. 1.]]"
0.66;0.66771;"[0.68       0.66       0.65333333 0.68666667 0.66666667 0.66666667
 0.68       0.58666667 0.72       0.6       ]";"[0.63714286 0.63714286 0.70285714 0.63714286 0.66571429 0.72571429
 0.64857143 0.66285714 0.67428571 0.68571429]";[ 1 -1  1 ... -1  1  1];"[[0. 1.]
 [1. 0.]
 [0. 1.]
 ...
 [1. 0.]
 [0. 1.]
 [0. 1.]]";"[[0. 1.]
 [0. 1.]
 [1. 0.]
 ...
 [1. 0.]
 [0. 1.]
 [0. 1.]]"
0.66333;0.69257;"[0.7        0.64       0.63333333 0.7        0.66       0.67333333
 0.66666667 0.63333333 0.70666667 0.62      ]";"[0.69428571 0.68       0.72285714 0.64857143 0.68571429 0.71714286
 0.70571429 0.69142857 0.7        0.68      ]";[ 1  1  1 ... -1  1  1];"[[5.03033756e-084 1.00000000e+000]
 [2.41921302e-147 1.00000000e+000]
 [0.00000000e+000 1.00000000e+000]
 ...
 [1.00000000e+000 4.09510060e-283]
 [2.74461647e-151 1.00000000e+000]
 [1.26114185e-104 1.00000000e+000]]";"[[6.08439978e-044 1.00000000e+000]
 [0.00000000e+000 1.00000000e+000]
 [1.00000000e+000 0.00000000e+000]
 ...
 [1.00000000e+000 0.00000000e+000]
 [0.00000000e+000 1.00000000e+000]
 [1.76761374e-207 1.00000000e+000]]"
0.67533;0.69286;"[0.70666667 0.64666667 0.64       0.71333333 0.68666667 0.66666667
 0.67333333 0.64       0.74666667 0.63333333]";"[0.70285714 0.68       0.72       0.65428571 0.67428571 0.71142857
 0.71714286 0.68285714 0.70857143 0.67714286]";[ 1  1  1 ... -1  1  1];"[[5.02184671e-067 1.00000000e+000]
 [1.32830047e-145 1.00000000e+000]
 [0.00000000e+000 1.00000000e+000]
 ...
 [1.00000000e+000 0.00000000e+000]
 [7.79740927e-141 1.00000000e+000]
 [1.45018467e-094 1.00000000e+000]]";"[[3.41916430e-024 1.00000000e+000]
 [0.00000000e+000 1.00000000e+000]
 [1.00000000e+000 0.00000000e+000]
 ...
 [1.00000000e+000 0.00000000e+000]
 [0.00000000e+000 1.00000000e+000]
 [4.00988671e-198 1.00000000e+000]]"
0.686;0.71114;"[0.71333333 0.72       0.68       0.66       0.69333333 0.66
 0.66       0.64       0.76       0.67333333]";"[0.74571429 0.72       0.73428571 0.67428571 0.67142857 0.71714286
 0.75142857 0.7        0.71428571 0.68285714]";[-1  1  1 ... -1  1 -1];"[[1.00000000e+000 8.63388843e-041]
 [3.41217082e-010 1.00000000e+000]
 [4.27641857e-130 1.00000000e+000]
 ...
 [1.00000000e+000 1.67307742e-226]
 [5.60838960e-034 1.00000000e+000]
 [1.00000000e+000 2.87885802e-011]]";"[[1.00000000e+000 1.49900885e-034]
 [0.00000000e+000 1.00000000e+000]
 [1.00000000e+000 0.00000000e+000]
 ...
 [1.00000000e+000 0.00000000e+000]
 [1.91615264e-268 1.00000000e+000]
 [2.40484094e-096 1.00000000e+000]]"
0.68733;0.70543;"[0.70666667 0.72       0.66666667 0.65333333 0.72       0.66
 0.68       0.63333333 0.74666667 0.68666667]";"[0.74571429 0.71428571 0.73142857 0.65428571 0.66571429 0.72
 0.73714286 0.69428571 0.71714286 0.67428571]";[-1  1  1 ... -1  1 -1];"[[1.00000000e+000 7.04608767e-057]
 [1.09841265e-010 1.00000000e+000]
 [1.09007942e-135 1.00000000e+000]
 ...
 [1.00000000e+000 5.32379302e-238]
 [5.05837437e-003 9.94941626e-001]
 [1.00000000e+000 1.03206592e-018]]";"[[1.00000000e+000 3.26592114e-044]
 [0.00000000e+000 1.00000000e+000]
 [1.00000000e+000 0.00000000e+000]
 ...
 [1.00000000e+000 0.00000000e+000]
 [3.88142770e-282 1.00000000e+000]
 [1.08804930e-087 1.00000000e+000]]"
0.65867;0.69171;"[0.66666667 0.66666667 0.64666667 0.66666667 0.64666667 0.59333333
 0.66       0.71333333 0.67333333 0.65333333]";"[0.71428571 0.74       0.65714286 0.65714286 0.69142857 0.68
 0.70571429 0.69714286 0.70857143 0.66571429]";[-1 -1  1 ... -1  1 -1];"[[9.87940241e-01 1.20597590e-02]
 [1.00000000e+00 2.23896735e-20]
 [7.56103872e-33 1.00000000e+00]
 ...
 [9.52672564e-01 4.73274361e-02]
 [4.35466877e-05 9.99956453e-01]
 [1.00000000e+00 2.71920812e-12]]";"[[9.99999995e-01 4.83464493e-09]
 [9.56346840e-01 4.36531598e-02]
 [1.26228695e-17 1.00000000e+00]
 ...
 [1.00000000e+00 0.00000000e+00]
 [1.38415906e-09 9.99999999e-01]
 [9.99999836e-01 1.63615176e-07]]"
0.65133;0.68371;"[0.67333333 0.66666667 0.66666667 0.64666667 0.67333333 0.57333333
 0.65333333 0.67333333 0.64       0.64666667]";"[0.69714286 0.73428571 0.67428571 0.65142857 0.69714286 0.67142857
 0.67714286 0.68857143 0.66857143 0.67714286]";[ 1 -1  1 ... -1  1 -1];"[[1.93651922e-01 8.06348078e-01]
 [9.99999999e-01 5.10344760e-10]
 [7.83751866e-24 1.00000000e+00]
 ...
 [9.95889968e-01 4.11003188e-03]
 [3.03693735e-07 9.99999696e-01]
 [1.00000000e+00 3.94564823e-13]]";"[[9.99999995e-01 4.79621092e-09]
 [8.80882834e-15 1.00000000e+00]
 [9.21161398e-20 1.00000000e+00]
 ...
 [1.00000000e+00 0.00000000e+00]
 [4.73492584e-11 1.00000000e+00]
 [1.00000000e+00 1.90895311e-10]]"
0.65267;0.63971;"[0.67333333 0.63333333 0.66666667 0.68       0.66666667 0.64666667
 0.66       0.62       0.68       0.6       ]";"[0.62285714 0.62285714 0.64285714 0.62285714 0.67142857 0.66285714
 0.63428571 0.64       0.62571429 0.65142857]";[ 1 -1  1 ...  1  1  1];"[[0. 1.]
 [1. 0.]
 [0. 1.]
 ...
 [0. 1.]
 [0. 1.]
 [0. 1.]]";"[[0. 1.]
 [0. 1.]
 [1. 0.]
 ...
 [1. 0.]
 [0. 1.]
 [0. 1.]]"
0.65267;0.64;"[0.67333333 0.63333333 0.66666667 0.68       0.66666667 0.64666667
 0.66       0.62       0.68       0.6       ]";"[0.62285714 0.62285714 0.64285714 0.62571429 0.67142857 0.66285714
 0.63428571 0.64       0.62571429 0.65142857]";[ 1 -1  1 ...  1  1  1];"[[0. 1.]
 [1. 0.]
 [0. 1.]
 ...
 [0. 1.]
 [0. 1.]
 [0. 1.]]";"[[0. 1.]
 [0. 1.]
 [1. 0.]
 ...
 [1. 0.]
 [0. 1.]
 [0. 1.]]"
0.64867;0.65114;"[0.67333333 0.63333333 0.66       0.67333333 0.66       0.64666667
 0.66       0.58666667 0.69333333 0.6       ]";"[0.62571429 0.63142857 0.66       0.62285714 0.68       0.68
 0.65142857 0.65714286 0.64285714 0.66      ]";[ 1 -1  1 ...  1  1  1];"[[0. 1.]
 [1. 0.]
 [0. 1.]
 ...
 [0. 1.]
 [0. 1.]
 [0. 1.]]";"[[0. 1.]
 [0. 1.]
 [1. 0.]
 ...
 [1. 0.]
 [0. 1.]
 [0. 1.]]"
0.648;0.65086;"[0.67333333 0.63333333 0.66       0.67333333 0.66       0.64666667
 0.66       0.58       0.69333333 0.6       ]";"[0.62571429 0.63142857 0.66       0.62285714 0.68       0.68
 0.65142857 0.65428571 0.64285714 0.66      ]";[ 1 -1  1 ...  1  1  1];"[[0. 1.]
 [1. 0.]
 [0. 1.]
 ...
 [0. 1.]
 [0. 1.]
 [0. 1.]]";"[[0. 1.]
 [0. 1.]
 [1. 0.]
 ...
 [1. 0.]
 [0. 1.]
 [0. 1.]]"
0.656;0.692;"[0.68666667 0.66       0.64       0.66666667 0.67333333 0.65333333
 0.64       0.62       0.70666667 0.61333333]";"[0.70857143 0.67428571 0.71428571 0.66571429 0.68285714 0.70571429
 0.71428571 0.68571429 0.68571429 0.68285714]";[ 1  1  1 ... -1  1  1];"[[1.02123121e-108 1.00000000e+000]
 [1.06906285e-137 1.00000000e+000]
 [0.00000000e+000 1.00000000e+000]
 ...
 [1.00000000e+000 3.50967897e-146]
 [1.87765704e-179 1.00000000e+000]
 [1.81507408e-063 1.00000000e+000]]";"[[4.88384759e-195 1.00000000e+000]
 [0.00000000e+000 1.00000000e+000]
 [1.00000000e+000 0.00000000e+000]
 ...
 [1.00000000e+000 0.00000000e+000]
 [0.00000000e+000 1.00000000e+000]
 [1.80220711e-181 1.00000000e+000]]"
0.65667;0.69229;"[0.68       0.66666667 0.64       0.66666667 0.66666667 0.65333333
 0.64       0.62666667 0.71333333 0.61333333]";"[0.71428571 0.67714286 0.71428571 0.66       0.68571429 0.70857143
 0.71142857 0.68571429 0.68571429 0.68      ]";[ 1  1  1 ... -1  1  1];"[[8.35809755e-105 1.00000000e+000]
 [3.90076212e-134 1.00000000e+000]
 [0.00000000e+000 1.00000000e+000]
 ...
 [1.00000000e+000 4.93304669e-149]
 [8.11661305e-182 1.00000000e+000]
 [1.58649326e-059 1.00000000e+000]]";"[[2.39290525e-196 1.00000000e+000]
 [0.00000000e+000 1.00000000e+000]
 [1.00000000e+000 0.00000000e+000]
 ...
 [1.00000000e+000 0.00000000e+000]
 [0.00000000e+000 1.00000000e+000]
 [1.02887189e-179 1.00000000e+000]]"
0.67533;0.72457;"[0.68666667 0.74       0.68666667 0.65333333 0.67333333 0.64
 0.64       0.60666667 0.74666667 0.68      ]";"[0.76857143 0.74857143 0.75142857 0.68       0.68857143 0.72857143
 0.75428571 0.72571429 0.71428571 0.68571429]";[-1  1  1 ... -1  1 -1];"[[1.00000000e+000 3.58794354e-032]
 [3.02353846e-007 9.99999698e-001]
 [4.70221496e-225 1.00000000e+000]
 ...
 [1.00000000e+000 1.04179540e-185]
 [3.92003409e-036 1.00000000e+000]
 [1.00000000e+000 1.87510205e-058]]";"[[8.13470836e-071 1.00000000e+000]
 [0.00000000e+000 1.00000000e+000]
 [1.00000000e+000 0.00000000e+000]
 ...
 [1.00000000e+000 0.00000000e+000]
 [1.26227110e-222 1.00000000e+000]
 [4.60882507e-054 1.00000000e+000]]"
0.67667;0.72514;"[0.69333333 0.74       0.68666667 0.64       0.67333333 0.64666667
 0.65333333 0.60666667 0.74666667 0.68      ]";"[0.77142857 0.74857143 0.75142857 0.68       0.68857143 0.73428571
 0.75142857 0.72571429 0.71428571 0.68571429]";[-1  1  1 ... -1  1 -1];"[[1.00000000e+000 6.55767688e-033]
 [1.16886935e-006 9.99998831e-001]
 [2.42557755e-227 1.00000000e+000]
 ...
 [1.00000000e+000 2.36885308e-184]
 [6.79736883e-036 1.00000000e+000]
 [1.00000000e+000 1.75341630e-058]]";"[[3.50621575e-072 1.00000000e+000]
 [0.00000000e+000 1.00000000e+000]
 [1.00000000e+000 0.00000000e+000]
 ...
 [1.00000000e+000 0.00000000e+000]
 [1.70662014e-222 1.00000000e+000]
 [3.76570918e-052 1.00000000e+000]]"
0.68333;0.70429;"[0.73333333 0.69333333 0.69333333 0.67333333 0.72666667 0.58
 0.71333333 0.67333333 0.66666667 0.68      ]";"[0.68       0.74857143 0.70571429 0.65428571 0.7        0.70571429
 0.69714286 0.72857143 0.70571429 0.71714286]";[-1 -1  1 ... -1 -1 -1];"[[1.00000000e+00 1.12822692e-12]
 [1.00000000e+00 4.77885243e-18]
 [2.67459982e-47 1.00000000e+00]
 ...
 [1.00000000e+00 4.11462670e-16]
 [7.38249960e-01 2.61750040e-01]
 [1.00000000e+00 5.01268989e-33]]";"[[1.00000000e+00 6.72828108e-21]
 [9.93684278e-01 6.31572167e-03]
 [2.66619449e-22 1.00000000e+00]
 ...
 [1.00000000e+00 0.00000000e+00]
 [2.40965699e-05 9.99975903e-01]
 [1.00000000e+00 1.13635225e-31]]"
0.68267;0.69543;"[0.74       0.7        0.7        0.66       0.72       0.58666667
 0.71333333 0.67333333 0.66       0.67333333]";"[0.68       0.74       0.69142857 0.66       0.69714286 0.70857143
 0.69142857 0.68857143 0.68571429 0.71142857]";[-1 -1  1 ... -1  1 -1];"[[1.00000000e+00 1.63813975e-12]
 [1.00000000e+00 2.67154792e-17]
 [1.61867201e-45 1.00000000e+00]
 ...
 [1.00000000e+00 8.56299027e-15]
 [4.67699287e-01 5.32300713e-01]
 [1.00000000e+00 1.86166715e-33]]";"[[1.00000000e+00 7.05749819e-21]
 [9.80201318e-01 1.97986819e-02]
 [1.25263795e-22 1.00000000e+00]
 ...
 [1.00000000e+00 0.00000000e+00]
 [1.14003138e-05 9.99988600e-01]
 [1.00000000e+00 3.54222232e-32]]"
0.66133;0.64314;"[0.68       0.64666667 0.68666667 0.68       0.68       0.64
 0.66666667 0.62666667 0.69333333 0.61333333]";"[0.62857143 0.62285714 0.65142857 0.62285714 0.65714286 0.67714286
 0.63142857 0.64857143 0.63142857 0.66      ]";[ 1 -1  1 ...  1  1  1];"[[0. 1.]
 [1. 0.]
 [0. 1.]
 ...
 [0. 1.]
 [0. 1.]
 [0. 1.]]";"[[0. 1.]
 [0. 1.]
 [1. 0.]
 ...
 [1. 0.]
 [0. 1.]
 [0. 1.]]"
0.66133;0.64314;"[0.68       0.64666667 0.68666667 0.68       0.68       0.64
 0.66666667 0.62666667 0.69333333 0.61333333]";"[0.62857143 0.62285714 0.65142857 0.62285714 0.65428571 0.68
 0.63142857 0.64857143 0.63142857 0.66      ]";[ 1 -1  1 ...  1  1  1];"[[0. 1.]
 [1. 0.]
 [0. 1.]
 ...
 [0. 1.]
 [0. 1.]
 [0. 1.]]";"[[0. 1.]
 [0. 1.]
 [1. 0.]
 ...
 [1. 0.]
 [0. 1.]
 [0. 1.]]"
0.65333;0.65771;"[0.67333333 0.65333333 0.66       0.68       0.66666667 0.63333333
 0.66666667 0.59333333 0.70666667 0.6       ]";"[0.64       0.63714286 0.68       0.62571429 0.66       0.70285714
 0.64571429 0.65714286 0.65428571 0.67428571]";[ 1 -1  1 ...  1  1  1];"[[0.0000000e+000 1.0000000e+000]
 [1.0000000e+000 0.0000000e+000]
 [0.0000000e+000 1.0000000e+000]
 ...
 [5.8415611e-268 1.0000000e+000]
 [0.0000000e+000 1.0000000e+000]
 [0.0000000e+000 1.0000000e+000]]";"[[0. 1.]
 [0. 1.]
 [1. 0.]
 ...
 [1. 0.]
 [0. 1.]
 [0. 1.]]"
0.65267;0.65514;"[0.67333333 0.65333333 0.65333333 0.68       0.67333333 0.63333333
 0.66       0.58666667 0.71333333 0.6       ]";"[0.63714286 0.64       0.67142857 0.62857143 0.65142857 0.69714286
 0.64285714 0.65714286 0.65142857 0.67428571]";[ 1 -1  1 ...  1  1  1];"[[0.00000000e+000 1.00000000e+000]
 [1.00000000e+000 0.00000000e+000]
 [0.00000000e+000 1.00000000e+000]
 ...
 [2.58583558e-263 1.00000000e+000]
 [0.00000000e+000 1.00000000e+000]
 [0.00000000e+000 1.00000000e+000]]";"[[0. 1.]
 [0. 1.]
 [1. 0.]
 ...
 [1. 0.]
 [0. 1.]
 [0. 1.]]"
0.656;0.69371;"[0.68666667 0.64666667 0.64       0.67333333 0.67333333 0.65333333
 0.64       0.63333333 0.70666667 0.60666667]";"[0.69428571 0.68       0.71428571 0.65428571 0.68571429 0.70285714
 0.72571429 0.69428571 0.68857143 0.69714286]";[ 1  1  1 ... -1  1  1];"[[2.29252080e-101 1.00000000e+000]
 [3.89247083e-113 1.00000000e+000]
 [0.00000000e+000 1.00000000e+000]
 ...
 [1.00000000e+000 1.62998818e-084]
 [2.81605034e-171 1.00000000e+000]
 [6.60960403e-098 1.00000000e+000]]";"[[2.79473989e-173 1.00000000e+000]
 [0.00000000e+000 1.00000000e+000]
 [1.00000000e+000 0.00000000e+000]
 ...
 [1.00000000e+000 0.00000000e+000]
 [1.63041663e-322 1.00000000e+000]
 [2.24433720e-211 1.00000000e+000]]"
0.66333;0.69429;"[0.69333333 0.66666667 0.64       0.67333333 0.68666667 0.66666667
 0.64666667 0.64       0.71333333 0.60666667]";"[0.69714286 0.68       0.71428571 0.65714286 0.68857143 0.71142857
 0.71428571 0.69714286 0.68857143 0.69428571]";[ 1  1  1 ... -1  1  1];"[[1.74662131e-093 1.00000000e+000]
 [1.60926018e-109 1.00000000e+000]
 [0.00000000e+000 1.00000000e+000]
 ...
 [1.00000000e+000 2.67559704e-091]
 [9.74479892e-171 1.00000000e+000]
 [2.88807581e-095 1.00000000e+000]]";"[[7.17783223e-189 1.00000000e+000]
 [0.00000000e+000 1.00000000e+000]
 [1.00000000e+000 0.00000000e+000]
 ...
 [1.00000000e+000 0.00000000e+000]
 [0.00000000e+000 1.00000000e+000]
 [5.39483064e-211 1.00000000e+000]]"
0.67;0.718;"[0.68       0.70666667 0.66666667 0.64       0.68       0.64666667
 0.64       0.62       0.74666667 0.67333333]";"[0.76       0.73428571 0.74285714 0.66571429 0.67428571 0.72571429
 0.76285714 0.71142857 0.72285714 0.68      ]";[-1  1  1 ... -1  1 -1];"[[1.00000000e+000 2.12304040e-025]
 [1.37011161e-001 8.62988839e-001]
 [1.22945313e-189 1.00000000e+000]
 ...
 [1.00000000e+000 4.84926745e-159]
 [7.77158420e-044 1.00000000e+000]
 [1.00000000e+000 5.74719292e-022]]";"[[4.40763945e-059 1.00000000e+000]
 [0.00000000e+000 1.00000000e+000]
 [1.00000000e+000 0.00000000e+000]
 ...
 [1.00000000e+000 0.00000000e+000]
 [2.21815759e-201 1.00000000e+000]
 [1.28031299e-091 1.00000000e+000]]"
0.67067;0.72;"[0.68666667 0.72       0.67333333 0.64       0.68666667 0.62666667
 0.64666667 0.60666667 0.74666667 0.67333333]";"[0.76857143 0.74285714 0.74       0.66571429 0.68285714 0.72857143
 0.76       0.71142857 0.71428571 0.68571429]";[-1 -1  1 ... -1  1 -1];"[[1.00000000e+000 6.44659419e-032]
 [9.78340230e-001 2.16597705e-002]
 [5.70202608e-202 1.00000000e+000]
 ...
 [1.00000000e+000 5.73029136e-156]
 [6.66925085e-041 1.00000000e+000]
 [1.00000000e+000 1.33911317e-022]]";"[[1.68359154e-073 1.00000000e+000]
 [0.00000000e+000 1.00000000e+000]
 [1.00000000e+000 0.00000000e+000]
 ...
 [1.00000000e+000 0.00000000e+000]
 [4.21591073e-203 1.00000000e+000]
 [2.83340015e-089 1.00000000e+000]]"
0.68;0.70743;"[0.7        0.66       0.7        0.67333333 0.72       0.59333333
 0.70666667 0.68       0.68666667 0.68      ]";"[0.68857143 0.74857143 0.70285714 0.65714286 0.69428571 0.73428571
 0.7        0.72571429 0.70571429 0.71714286]";[-1 -1  1 ... -1 -1 -1];"[[1.00000000e+00 2.59609049e-10]
 [1.00000000e+00 2.30722260e-28]
 [9.50984484e-52 1.00000000e+00]
 ...
 [1.00000000e+00 1.74759067e-13]
 [8.75898818e-01 1.24101182e-01]
 [1.00000000e+00 1.59033292e-29]]";"[[1.00000000e+00 4.37945690e-16]
 [9.99920741e-01 7.92593868e-05]
 [1.96536764e-26 1.00000000e+00]
 ...
 [1.00000000e+00 0.00000000e+00]
 [1.75071516e-04 9.99824928e-01]
 [1.00000000e+00 5.42758735e-30]]"
0.68267;0.69714;"[0.69333333 0.68       0.71333333 0.67333333 0.73333333 0.59333333
 0.72666667 0.68       0.65333333 0.68      ]";"[0.68       0.74       0.70285714 0.66571429 0.7        0.70857143
 0.70857143 0.68857143 0.68857143 0.68857143]";[-1 -1  1 ... -1  1 -1];"[[9.99999999e-01 8.48099613e-10]
 [1.00000000e+00 4.80422392e-23]
 [3.01290257e-46 1.00000000e+00]
 ...
 [1.00000000e+00 3.18117823e-13]
 [3.77435349e-01 6.22564651e-01]
 [1.00000000e+00 2.57306049e-28]]";"[[1.00000000e+00 6.61070800e-15]
 [8.06471622e-01 1.93528378e-01]
 [5.30266845e-25 1.00000000e+00]
 ...
 [1.00000000e+00 0.00000000e+00]
 [1.48038522e-05 9.99985196e-01]
 [1.00000000e+00 9.31376492e-33]]"
0.658;0.64914;"[0.68       0.64       0.68666667 0.67333333 0.66       0.67333333
 0.67333333 0.61333333 0.69333333 0.58666667]";"[0.62571429 0.62857143 0.66       0.62571429 0.67142857 0.68571429
 0.64571429 0.64       0.64       0.66857143]";[ 1 -1  1 ...  1  1  1];"[[0. 1.]
 [1. 0.]
 [0. 1.]
 ...
 [0. 1.]
 [0. 1.]
 [0. 1.]]";"[[0. 1.]
 [0. 1.]
 [1. 0.]
 ...
 [1. 0.]
 [0. 1.]
 [0. 1.]]"
0.658;0.64914;"[0.68       0.64       0.68666667 0.67333333 0.66       0.67333333
 0.67333333 0.61333333 0.69333333 0.58666667]";"[0.62571429 0.62571429 0.65714286 0.62571429 0.67428571 0.68571429
 0.64857143 0.64285714 0.63714286 0.66857143]";[ 1 -1  1 ...  1  1  1];"[[0. 1.]
 [1. 0.]
 [0. 1.]
 ...
 [0. 1.]
 [0. 1.]
 [0. 1.]]";"[[0. 1.]
 [0. 1.]
 [1. 0.]
 ...
 [1. 0.]
 [0. 1.]
 [0. 1.]]"
0.656;0.66143;"[0.68       0.64       0.66666667 0.67333333 0.66       0.67333333
 0.66666667 0.58666667 0.70666667 0.60666667]";"[0.63142857 0.62857143 0.68857143 0.64       0.68285714 0.7
 0.64571429 0.66571429 0.66285714 0.66857143]";[ 1 -1  1 ... -1  1  1];"[[0.00000000e+000 1.00000000e+000]
 [1.00000000e+000 0.00000000e+000]
 [0.00000000e+000 1.00000000e+000]
 ...
 [1.00000000e+000 9.64849847e-148]
 [0.00000000e+000 1.00000000e+000]
 [0.00000000e+000 1.00000000e+000]]";"[[0.00000000e+000 1.00000000e+000]
 [0.00000000e+000 1.00000000e+000]
 [1.00000000e+000 0.00000000e+000]
 ...
 [1.00000000e+000 0.00000000e+000]
 [0.00000000e+000 1.00000000e+000]
 [1.65176918e-301 1.00000000e+000]]"
0.656;0.66086;"[0.68       0.62666667 0.66666667 0.68       0.66666667 0.67333333
 0.66666667 0.58666667 0.70666667 0.60666667]";"[0.63142857 0.62857143 0.68857143 0.64       0.68571429 0.69714286
 0.64285714 0.66571429 0.66       0.66857143]";[ 1 -1  1 ... -1  1  1];"[[0.00000000e+000 1.00000000e+000]
 [1.00000000e+000 0.00000000e+000]
 [0.00000000e+000 1.00000000e+000]
 ...
 [1.00000000e+000 8.00189519e-170]
 [0.00000000e+000 1.00000000e+000]
 [0.00000000e+000 1.00000000e+000]]";"[[0.00000000e+000 1.00000000e+000]
 [0.00000000e+000 1.00000000e+000]
 [1.00000000e+000 0.00000000e+000]
 ...
 [1.00000000e+000 0.00000000e+000]
 [0.00000000e+000 1.00000000e+000]
 [4.32332835e-262 1.00000000e+000]]"
0.66867;0.69629;"[0.72       0.66       0.64       0.69333333 0.69333333 0.64666667
 0.65333333 0.61333333 0.72       0.64666667]";"[0.72571429 0.68857143 0.72857143 0.66       0.67714286 0.70285714
 0.72857143 0.68571429 0.69428571 0.67142857]";[ 1  1  1 ... -1  1  1];"[[4.14163345e-078 1.00000000e+000]
 [3.84721778e-160 1.00000000e+000]
 [0.00000000e+000 1.00000000e+000]
 ...
 [1.00000000e+000 0.00000000e+000]
 [9.10826859e-130 1.00000000e+000]
 [2.84544739e-056 1.00000000e+000]]";"[[1.00000000e+000 5.05519456e-014]
 [0.00000000e+000 1.00000000e+000]
 [1.00000000e+000 0.00000000e+000]
 ...
 [1.00000000e+000 0.00000000e+000]
 [0.00000000e+000 1.00000000e+000]
 [1.45886636e-161 1.00000000e+000]]"
0.67333;0.69514;"[0.72       0.66       0.64666667 0.68666667 0.7        0.64666667
 0.66666667 0.62666667 0.73333333 0.64666667]";"[0.72571429 0.68       0.73142857 0.65714286 0.68       0.71142857
 0.72285714 0.68571429 0.69428571 0.66285714]";[ 1  1  1 ... -1  1  1];"[[3.18521683e-069 1.00000000e+000]
 [7.16925476e-157 1.00000000e+000]
 [0.00000000e+000 1.00000000e+000]
 ...
 [1.00000000e+000 0.00000000e+000]
 [1.58762016e-149 1.00000000e+000]
 [1.30884396e-047 1.00000000e+000]]";"[[1.00000000e+000 6.40371078e-024]
 [0.00000000e+000 1.00000000e+000]
 [1.00000000e+000 0.00000000e+000]
 ...
 [1.00000000e+000 0.00000000e+000]
 [0.00000000e+000 1.00000000e+000]
 [4.31494766e-152 1.00000000e+000]]"
0.69467;0.71629;"[0.72666667 0.73333333 0.67333333 0.65333333 0.72       0.65333333
 0.68666667 0.63333333 0.78       0.68666667]";"[0.74285714 0.74285714 0.72857143 0.68       0.68857143 0.73142857
 0.74571429 0.70285714 0.72285714 0.67714286]";[-1  1  1 ... -1  1 -1];"[[1.00000000e+000 1.56385253e-053]
 [6.77046863e-014 1.00000000e+000]
 [7.07183858e-148 1.00000000e+000]
 ...
 [1.00000000e+000 3.17904638e-283]
 [2.12383790e-002 9.78761621e-001]
 [1.00000000e+000 4.61385685e-052]]";"[[1.00000000e+00 1.07759528e-65]
 [0.00000000e+00 1.00000000e+00]
 [1.00000000e+00 0.00000000e+00]
 ...
 [1.00000000e+00 0.00000000e+00]
 [0.00000000e+00 1.00000000e+00]
 [3.26531184e-59 1.00000000e+00]]"
0.69267;0.71571;"[0.72       0.73333333 0.68       0.64       0.71333333 0.65333333
 0.68666667 0.63333333 0.76666667 0.7       ]";"[0.74571429 0.73428571 0.73714286 0.68       0.68       0.73428571
 0.73714286 0.70857143 0.72857143 0.67142857]";[-1  1  1 ... -1 -1 -1];"[[1.00000000e+000 1.49989419e-060]
 [8.67165527e-014 1.00000000e+000]
 [1.58977719e-151 1.00000000e+000]
 ...
 [1.00000000e+000 2.63305534e-290]
 [1.00000000e+000 8.94666508e-012]
 [1.00000000e+000 7.92894048e-056]]";"[[1.00000000e+00 8.24532258e-71]
 [0.00000000e+00 1.00000000e+00]
 [1.00000000e+00 0.00000000e+00]
 ...
 [1.00000000e+00 0.00000000e+00]
 [0.00000000e+00 1.00000000e+00]
 [2.83336465e-51 1.00000000e+00]]"
0.67133;0.69543;"[0.69333333 0.68       0.64666667 0.67333333 0.69333333 0.60666667
 0.66       0.7        0.67333333 0.68666667]";"[0.71428571 0.75428571 0.66       0.65428571 0.71428571 0.68285714
 0.7        0.69428571 0.70571429 0.67428571]";[-1 -1  1 ... -1  1 -1];"[[9.99842609e-01 1.57391471e-04]
 [1.00000000e+00 5.53070703e-11]
 [5.23260626e-29 1.00000000e+00]
 ...
 [9.99997023e-01 2.97677009e-06]
 [1.05255677e-05 9.99989474e-01]
 [1.00000000e+00 5.94590255e-16]]";"[[1.00000000e+00 2.77569454e-16]
 [3.80662811e-09 9.99999996e-01]
 [8.84832101e-17 1.00000000e+00]
 ...
 [1.00000000e+00 0.00000000e+00]
 [2.16558669e-10 1.00000000e+00]
 [9.99999895e-01 1.05060730e-07]]"
0.664;0.688;"[0.68666667 0.7        0.68       0.65333333 0.69333333 0.59333333
 0.65333333 0.68666667 0.66       0.63333333]";"[0.69428571 0.72857143 0.67428571 0.66857143 0.7        0.68
 0.68285714 0.68857143 0.68285714 0.68      ]";[-1 -1  1 ... -1  1 -1];"[[9.97982464e-01 2.01753630e-03]
 [9.99999484e-01 5.16319699e-07]
 [1.87982244e-24 1.00000000e+00]
 ...
 [9.99994251e-01 5.74892742e-06]
 [8.94612534e-07 9.99999105e-01]
 [1.00000000e+00 6.61897108e-17]]";"[[1.00000000e+00 2.16407665e-17]
 [7.21381901e-15 1.00000000e+00]
 [8.45375140e-18 1.00000000e+00]
 ...
 [1.00000000e+00 0.00000000e+00]
 [9.44362392e-11 1.00000000e+00]
 [9.99999992e-01 7.52883752e-09]]"
0.668;0.65257;"[0.68666667 0.65333333 0.69333333 0.67333333 0.68666667 0.67333333
 0.68666667 0.62       0.70666667 0.6       ]";"[0.62571429 0.63428571 0.67142857 0.61714286 0.65428571 0.70285714
 0.63714286 0.66       0.64285714 0.68      ]";[ 1 -1  1 ...  1  1  1];"[[0. 1.]
 [1. 0.]
 [0. 1.]
 ...
 [0. 1.]
 [0. 1.]
 [0. 1.]]";"[[0. 1.]
 [0. 1.]
 [1. 0.]
 ...
 [1. 0.]
 [0. 1.]
 [0. 1.]]"
0.66933;0.65143;"[0.69333333 0.65333333 0.69333333 0.67333333 0.68666667 0.67333333
 0.7        0.61333333 0.70666667 0.6       ]";"[0.62571429 0.62571429 0.66571429 0.62       0.65428571 0.7
 0.64       0.66       0.64285714 0.68      ]";[ 1 -1  1 ...  1  1  1];"[[0. 1.]
 [1. 0.]
 [0. 1.]
 ...
 [0. 1.]
 [0. 1.]
 [0. 1.]]";"[[0. 1.]
 [0. 1.]
 [1. 0.]
 ...
 [1. 0.]
 [0. 1.]
 [0. 1.]]"
0.66133;0.66743;"[0.68       0.66       0.64666667 0.68666667 0.68       0.66
 0.68666667 0.6        0.71333333 0.6       ]";"[0.63714286 0.64       0.7        0.63714286 0.66285714 0.72285714
 0.65428571 0.66857143 0.67714286 0.67428571]";[ 1 -1  1 ... -1  1  1];"[[0. 1.]
 [1. 0.]
 [0. 1.]
 ...
 [1. 0.]
 [0. 1.]
 [0. 1.]]";"[[0. 1.]
 [0. 1.]
 [1. 0.]
 ...
 [1. 0.]
 [0. 1.]
 [0. 1.]]"
0.65933;0.668;"[0.68       0.66       0.65333333 0.68666667 0.66666667 0.66
 0.68       0.58666667 0.72       0.6       ]";"[0.64       0.64       0.70285714 0.63714286 0.66571429 0.72571429
 0.64857143 0.66       0.67428571 0.68571429]";[ 1 -1  1 ... -1  1  1];"[[0. 1.]
 [1. 0.]
 [0. 1.]
 ...
 [1. 0.]
 [0. 1.]
 [0. 1.]]";"[[0. 1.]
 [0. 1.]
 [1. 0.]
 ...
 [1. 0.]
 [0. 1.]
 [0. 1.]]"
0.66667;0.69371;"[0.7        0.64       0.63333333 0.7        0.68666667 0.68
 0.66       0.63333333 0.71333333 0.62      ]";"[0.69142857 0.67714286 0.72571429 0.65428571 0.68285714 0.71714286
 0.71428571 0.69142857 0.70285714 0.68      ]";[ 1  1  1 ... -1  1  1];"[[9.32492169e-079 1.00000000e+000]
 [4.48461171e-142 1.00000000e+000]
 [0.00000000e+000 1.00000000e+000]
 ...
 [1.00000000e+000 2.21139204e-288]
 [5.08794075e-146 1.00000000e+000]
 [2.33787016e-099 1.00000000e+000]]";"[[5.91196551e-033 1.00000000e+000]
 [0.00000000e+000 1.00000000e+000]
 [1.00000000e+000 0.00000000e+000]
 ...
 [1.00000000e+000 0.00000000e+000]
 [0.00000000e+000 1.00000000e+000]
 [1.37424947e-195 1.00000000e+000]]"
0.67467;0.69314;"[0.70666667 0.64666667 0.64       0.70666667 0.68666667 0.66666667
 0.67333333 0.64       0.74666667 0.63333333]";"[0.70285714 0.68285714 0.71714286 0.64857143 0.67714286 0.71428571
 0.72       0.68285714 0.70857143 0.67714286]";[ 1  1  1 ... -1  1  1];"[[6.58255111e-062 1.00000000e+000]
 [1.74112788e-140 1.00000000e+000]
 [0.00000000e+000 1.00000000e+000]
 ...
 [1.00000000e+000 0.00000000e+000]
 [1.02211351e-135 1.00000000e+000]
 [1.90093018e-089 1.00000000e+000]]";"[[3.32220247e-013 1.00000000e+000]
 [0.00000000e+000 1.00000000e+000]
 [1.00000000e+000 0.00000000e+000]
 ...
 [1.00000000e+000 0.00000000e+000]
 [0.00000000e+000 1.00000000e+000]
 [3.11752933e-186 1.00000000e+000]]"
0.68933;0.71143;"[0.71333333 0.72666667 0.68       0.67333333 0.7        0.66
 0.66       0.64       0.76       0.68      ]";"[0.74571429 0.72285714 0.73428571 0.67428571 0.67142857 0.71714286
 0.75428571 0.7        0.71142857 0.68285714]";[-1  1  1 ... -1  1 -1];"[[1.00000000e+000 1.52628186e-041]
 [1.93022717e-009 9.99999998e-001]
 [2.41940494e-129 1.00000000e+000]
 ...
 [1.00000000e+000 2.95921827e-227]
 [3.17268130e-033 1.00000000e+000]
 [1.00000000e+000 5.08904881e-012]]";"[[1.00000000e+000 4.04406760e-040]
 [0.00000000e+000 1.00000000e+000]
 [1.00000000e+000 0.00000000e+000]
 ...
 [1.00000000e+000 0.00000000e+000]
 [4.01873291e-262 1.00000000e+000]
 [5.04328957e-090 1.00000000e+000]]"
0.688;0.70657;"[0.71333333 0.72       0.66666667 0.65333333 0.72       0.66
 0.68       0.63333333 0.74666667 0.68666667]";"[0.74857143 0.72       0.73142857 0.65428571 0.66857143 0.72
 0.74       0.69714286 0.71142857 0.67428571]";[-1  1  1 ... -1  1 -1];"[[1.00000000e+000 1.24561023e-057]
 [6.21358584e-010 9.99999999e-001]
 [6.16725487e-135 1.00000000e+000]
 ...
 [1.00000000e+000 9.41632010e-239]
 [2.79564051e-002 9.72043595e-001]
 [1.00000000e+000 1.82442125e-019]]";"[[1.00000000e+000 8.81114346e-050]
 [0.00000000e+000 1.00000000e+000]
 [1.00000000e+000 0.00000000e+000]
 ...
 [1.00000000e+000 0.00000000e+000]
 [8.14054990e-276 1.00000000e+000]
 [2.28178724e-081 1.00000000e+000]]"
0.66;0.69314;"[0.66       0.66666667 0.65333333 0.66666667 0.64666667 0.59333333
 0.66       0.72       0.68       0.65333333]";"[0.71428571 0.74285714 0.66       0.65428571 0.68857143 0.68
 0.71142857 0.70285714 0.71142857 0.66571429]";[-1 -1  1 ... -1  1 -1];"[[9.91442218e-01 8.55778244e-03]
 [1.00000000e+00 1.58319519e-20]
 [1.06929983e-32 1.00000000e+00]
 ...
 [9.66063959e-01 3.39360413e-02]
 [6.15831134e-05 9.99938417e-01]
 [1.00000000e+00 1.92278069e-12]]";"[[9.99999997e-01 3.41861941e-09]
 [9.68732855e-01 3.12671454e-02]
 [1.78514801e-17 1.00000000e+00]
 ...
 [1.00000000e+00 0.00000000e+00]
 [2.76831704e-09 9.99999997e-01]
 [9.99999918e-01 8.18079411e-08]]"
0.65267;0.68486;"[0.67333333 0.66666667 0.67333333 0.64666667 0.67333333 0.57333333
 0.65333333 0.68       0.64       0.64666667]";"[0.7        0.73428571 0.67428571 0.65428571 0.69714286 0.67142857
 0.67428571 0.69142857 0.67428571 0.67714286]";[ 1 -1  1 ... -1  1 -1];"[[2.53528567e-01 7.46471433e-01]
 [1.00000000e+00 3.60869050e-10]
 [1.10839545e-23 1.00000000e+00]
 ...
 [9.97090260e-01 2.90974046e-03]
 [4.29487339e-07 9.99999571e-01]
 [1.00000000e+00 2.79001210e-13]]";"[[9.99999997e-01 3.39144018e-09]
 [1.24576274e-14 1.00000000e+00]
 [1.30272140e-19 1.00000000e+00]
 ...
 [1.00000000e+00 0.00000000e+00]
 [9.46985263e-11 1.00000000e+00]
 [1.00000000e+00 9.54480494e-11]]"
0.65267;0.63971;"[0.67333333 0.63333333 0.66666667 0.68       0.66666667 0.64666667
 0.66       0.62       0.68       0.6       ]";"[0.62285714 0.62285714 0.64285714 0.62285714 0.67142857 0.66285714
 0.63428571 0.64       0.62571429 0.65142857]";[ 1 -1  1 ...  1  1  1];"[[0. 1.]
 [1. 0.]
 [0. 1.]
 ...
 [0. 1.]
 [0. 1.]
 [0. 1.]]";"[[0. 1.]
 [0. 1.]
 [1. 0.]
 ...
 [1. 0.]
 [0. 1.]
 [0. 1.]]"
0.65267;0.63971;"[0.67333333 0.63333333 0.66666667 0.68       0.66666667 0.64666667
 0.66       0.62       0.68       0.6       ]";"[0.62285714 0.62285714 0.64285714 0.62285714 0.67142857 0.66285714
 0.63428571 0.64       0.62571429 0.65142857]";[ 1 -1  1 ...  1  1  1];"[[0. 1.]
 [1. 0.]
 [0. 1.]
 ...
 [0. 1.]
 [0. 1.]
 [0. 1.]]";"[[0. 1.]
 [0. 1.]
 [1. 0.]
 ...
 [1. 0.]
 [0. 1.]
 [0. 1.]]"
0.64867;0.65143;"[0.67333333 0.63333333 0.66       0.67333333 0.66       0.64666667
 0.66666667 0.58       0.69333333 0.6       ]";"[0.62571429 0.63142857 0.66285714 0.62571429 0.68       0.67714286
 0.65142857 0.65714286 0.64285714 0.66      ]";[ 1 -1  1 ...  1  1  1];"[[0. 1.]
 [1. 0.]
 [0. 1.]
 ...
 [0. 1.]
 [0. 1.]
 [0. 1.]]";"[[0. 1.]
 [0. 1.]
 [1. 0.]
 ...
 [1. 0.]
 [0. 1.]
 [0. 1.]]"
0.64867;0.652;"[0.67333333 0.63333333 0.66       0.67333333 0.66       0.64666667
 0.66666667 0.58       0.69333333 0.6       ]";"[0.62571429 0.63428571 0.66285714 0.62857143 0.68       0.68
 0.65142857 0.65142857 0.64571429 0.66      ]";[ 1 -1  1 ...  1  1  1];"[[0. 1.]
 [1. 0.]
 [0. 1.]
 ...
 [0. 1.]
 [0. 1.]
 [0. 1.]]";"[[0. 1.]
 [0. 1.]
 [1. 0.]
 ...
 [1. 0.]
 [0. 1.]
 [0. 1.]]"
0.65867;0.69343;"[0.68666667 0.66       0.64666667 0.67333333 0.68       0.65333333
 0.64       0.62666667 0.70666667 0.61333333]";"[0.71142857 0.67428571 0.71714286 0.66285714 0.68857143 0.71142857
 0.71428571 0.68571429 0.68571429 0.68285714]";[ 1  1  1 ... -1  1  1];"[[1.89299728e-103 1.00000000e+000]
 [1.98165744e-132 1.00000000e+000]
 [0.00000000e+000 1.00000000e+000]
 ...
 [1.00000000e+000 1.89350011e-151]
 [3.48051306e-174 1.00000000e+000]
 [3.36449301e-058 1.00000000e+000]]";"[[4.74629619e-184 1.00000000e+000]
 [0.00000000e+000 1.00000000e+000]
 [1.00000000e+000 0.00000000e+000]
 ...
 [1.00000000e+000 0.00000000e+000]
 [0.00000000e+000 1.00000000e+000]
 [1.40115771e-169 1.00000000e+000]]"
0.65933;0.69314;"[0.68666667 0.66666667 0.64666667 0.66666667 0.67333333 0.65333333
 0.64666667 0.62666667 0.71333333 0.61333333]";"[0.71428571 0.67714286 0.71714286 0.65714286 0.69142857 0.71142857
 0.71142857 0.68285714 0.68571429 0.68285714]";[ 1  1  1 ... -1  1  1];"[[1.09551521e-099 1.00000000e+000]
 [5.11281215e-129 1.00000000e+000]
 [0.00000000e+000 1.00000000e+000]
 ...
 [1.00000000e+000 3.76382087e-154]
 [1.06386647e-176 1.00000000e+000]
 [2.07945038e-054 1.00000000e+000]]";"[[2.32551041e-185 1.00000000e+000]
 [0.00000000e+000 1.00000000e+000]
 [1.00000000e+000 0.00000000e+000]
 ...
 [1.00000000e+000 0.00000000e+000]
 [0.00000000e+000 1.00000000e+000]
 [7.99914520e-168 1.00000000e+000]]"
0.68;0.72371;"[0.69333333 0.74       0.68666667 0.66       0.68       0.63333333
 0.66666667 0.60666667 0.74666667 0.68666667]";"[0.76857143 0.75142857 0.75142857 0.67714286 0.68857143 0.72857143
 0.75142857 0.72285714 0.71428571 0.68285714]";[-1  1  1 ... -1  1 -1];"[[1.00000000e+000 6.34265126e-033]
 [1.71037078e-006 9.99998290e-001]
 [2.66002933e-224 1.00000000e+000]
 ...
 [1.00000000e+000 1.84172803e-186]
 [2.21751105e-035 1.00000000e+000]
 [1.00000000e+000 3.31474804e-059]]";"[[3.01574673e-065 1.00000000e+000]
 [0.00000000e+000 1.00000000e+000]
 [1.00000000e+000 0.00000000e+000]
 ...
 [1.00000000e+000 0.00000000e+000]
 [2.64718044e-216 1.00000000e+000]
 [9.66534245e-048 1.00000000e+000]]"
0.67867;0.72486;"[0.69333333 0.74       0.68666667 0.64       0.68       0.64
 0.66666667 0.60666667 0.74666667 0.68666667]";"[0.77142857 0.75142857 0.75142857 0.68       0.68571429 0.73428571
 0.74857143 0.72571429 0.71428571 0.68571429]";[-1  1  1 ... -1  1 -1];"[[1.00000000e+000 1.15924507e-033]
 [6.61209361e-006 9.99993388e-001]
 [1.37214395e-226 1.00000000e+000]
 ...
 [1.00000000e+000 4.18776252e-185]
 [3.84518160e-035 1.00000000e+000]
 [1.00000000e+000 3.09963575e-059]]";"[[1.29984466e-066 1.00000000e+000]
 [0.00000000e+000 1.00000000e+000]
 [1.00000000e+000 0.00000000e+000]
 ...
 [1.00000000e+000 0.00000000e+000]
 [3.57905059e-216 1.00000000e+000]
 [7.89720797e-046 1.00000000e+000]]"
0.68267;0.70371;"[0.73333333 0.69333333 0.69333333 0.67333333 0.72       0.58
 0.71333333 0.67333333 0.66666667 0.68      ]";"[0.68       0.74857143 0.7        0.65428571 0.7        0.70571429
 0.69714286 0.72857143 0.70571429 0.71714286]";[-1 -1  1 ... -1 -1 -1];"[[1.00000000e+00 7.97777287e-13]
 [1.00000000e+00 3.37916113e-18]
 [3.78246350e-47 1.00000000e+00]
 ...
 [1.00000000e+00 2.90948322e-16]
 [7.99547045e-01 2.00452955e-01]
 [1.00000000e+00 3.54451337e-33]]";"[[1.00000000e+00 4.75761622e-21]
 [9.95525834e-01 4.47416637e-03]
 [3.77057077e-22 1.00000000e+00]
 ...
 [1.00000000e+00 0.00000000e+00]
 [4.81919713e-05 9.99951808e-01]
 [1.00000000e+00 5.68177106e-32]]"
0.68333;0.698;"[0.74       0.7        0.70666667 0.66       0.72       0.58666667
 0.71333333 0.67333333 0.66       0.67333333]";"[0.68       0.74285714 0.68857143 0.65714286 0.7        0.70857143
 0.69142857 0.71714286 0.68285714 0.71142857]";[-1 -1  1 ... -1 -1 -1];"[[1.00000000e+00 1.15834031e-12]
 [1.00000000e+00 1.88907094e-17]
 [2.28915283e-45 1.00000000e+00]
 ...
 [1.00000000e+00 6.05495443e-15]
 [5.54085129e-01 4.45914871e-01]
 [1.00000000e+00 1.31640014e-33]]";"[[1.00000000e+00 4.99040830e-21]
 [9.85918560e-01 1.40814400e-02]
 [1.77149877e-22 1.00000000e+00]
 ...
 [1.00000000e+00 0.00000000e+00]
 [2.28003643e-05 9.99977200e-01]
 [1.00000000e+00 1.77111447e-32]]"
0.662;0.64286;"[0.68       0.64666667 0.68666667 0.68       0.68       0.64
 0.67333333 0.62666667 0.69333333 0.61333333]";"[0.62571429 0.62285714 0.65142857 0.62285714 0.65714286 0.67714286
 0.63142857 0.64857143 0.63142857 0.66      ]";[ 1 -1  1 ...  1  1  1];"[[0. 1.]
 [1. 0.]
 [0. 1.]
 ...
 [0. 1.]
 [0. 1.]
 [0. 1.]]";"[[0. 1.]
 [0. 1.]
 [1. 0.]
 ...
 [1. 0.]
 [0. 1.]
 [0. 1.]]"
0.662;0.64343;"[0.68       0.64666667 0.68666667 0.68       0.68       0.64
 0.67333333 0.62666667 0.69333333 0.61333333]";"[0.62571429 0.62285714 0.65142857 0.62571429 0.65428571 0.68
 0.63142857 0.64857143 0.63428571 0.66      ]";[ 1 -1  1 ...  1  1  1];"[[0. 1.]
 [1. 0.]
 [0. 1.]
 ...
 [0. 1.]
 [0. 1.]
 [0. 1.]]";"[[0. 1.]
 [0. 1.]
 [1. 0.]
 ...
 [1. 0.]
 [0. 1.]
 [0. 1.]]"
0.65533;0.65914;"[0.67333333 0.66       0.66       0.68       0.67333333 0.63333333
 0.66666667 0.6        0.70666667 0.6       ]";"[0.64285714 0.63714286 0.67714286 0.63142857 0.66       0.70285714
 0.64857143 0.66       0.65714286 0.67428571]";[ 1 -1  1 ...  1  1  1];"[[0.00000000e+000 1.00000000e+000]
 [1.00000000e+000 0.00000000e+000]
 [0.00000000e+000 1.00000000e+000]
 ...
 [5.07991537e-227 1.00000000e+000]
 [0.00000000e+000 1.00000000e+000]
 [0.00000000e+000 1.00000000e+000]]";"[[0. 1.]
 [0. 1.]
 [1. 0.]
 ...
 [1. 0.]
 [0. 1.]
 [0. 1.]]"
0.65467;0.65657;"[0.67333333 0.66       0.66       0.68       0.67333333 0.64
 0.66       0.58666667 0.71333333 0.6       ]";"[0.64       0.64       0.67714286 0.62857143 0.65142857 0.69714286
 0.64285714 0.65714286 0.65714286 0.67428571]";[ 1 -1  1 ...  1  1  1];"[[0.00000000e+000 1.00000000e+000]
 [1.00000000e+000 0.00000000e+000]
 [0.00000000e+000 1.00000000e+000]
 ...
 [3.18097628e-222 1.00000000e+000]
 [0.00000000e+000 1.00000000e+000]
 [0.00000000e+000 1.00000000e+000]]";"[[0. 1.]
 [0. 1.]
 [1. 0.]
 ...
 [1. 0.]
 [0. 1.]
 [0. 1.]]"
0.65867;0.69457;"[0.69333333 0.64666667 0.64666667 0.67333333 0.67333333 0.65333333
 0.64666667 0.63333333 0.70666667 0.61333333]";"[0.69142857 0.68285714 0.71142857 0.65714286 0.68857143 0.70857143
 0.72857143 0.69142857 0.68571429 0.7       ]";[ 1  1  1 ... -1  1  1];"[[4.24961508e-096 1.00000000e+000]
 [7.21525720e-108 1.00000000e+000]
 [0.00000000e+000 1.00000000e+000]
 ...
 [1.00000000e+000 8.79557053e-090]
 [5.22016897e-166 1.00000000e+000]
 [1.22521629e-092 1.00000000e+000]]";"[[2.71595730e-162 1.00000000e+000]
 [0.00000000e+000 1.00000000e+000]
 [1.00000000e+000 0.00000000e+000]
 ...
 [1.00000000e+000 0.00000000e+000]
 [1.25221477e-310 1.00000000e+000]
 [1.74488128e-199 1.00000000e+000]]"
0.66133;0.69486;"[0.68666667 0.66666667 0.63333333 0.67333333 0.68       0.66666667
 0.64666667 0.64       0.72       0.6       ]";"[0.7        0.67714286 0.71428571 0.65714286 0.69714286 0.71428571
 0.70857143 0.7        0.68285714 0.69714286]";[ 1  1  1 ... -1  1  1];"[[2.28937737e-088 1.00000000e+000]
 [2.10928363e-104 1.00000000e+000]
 [0.00000000e+000 1.00000000e+000]
 ...
 [1.00000000e+000 2.04174041e-096]
 [1.27731955e-165 1.00000000e+000]
 [3.78554654e-090 1.00000000e+000]]";"[[6.97556851e-178 1.00000000e+000]
 [0.00000000e+000 1.00000000e+000]
 [1.00000000e+000 0.00000000e+000]
 ...
 [1.00000000e+000 0.00000000e+000]
 [1.26117261e-314 1.00000000e+000]
 [4.19427228e-199 1.00000000e+000]]"
0.672;0.71857;"[0.68       0.70666667 0.66666667 0.64       0.69333333 0.64666667
 0.64       0.62       0.74666667 0.68      ]";"[0.75714286 0.73714286 0.74285714 0.66571429 0.67428571 0.72857143
 0.76       0.71428571 0.72285714 0.68285714]";[-1  1  1 ... -1  1 -1];"[[1.00000000e+000 3.75303306e-026]
 [4.73159539e-001 5.26840461e-001]
 [6.95545827e-189 1.00000000e+000]
 ...
 [1.00000000e+000 8.57399839e-160]
 [4.39635711e-043 1.00000000e+000]
 [1.00000000e+000 1.01596353e-022]]";"[[1.63399820e-053 1.00000000e+000]
 [0.00000000e+000 1.00000000e+000]
 [1.00000000e+000 0.00000000e+000]
 ...
 [1.00000000e+000 0.00000000e+000]
 [4.65187364e-195 1.00000000e+000]
 [2.68498365e-085 1.00000000e+000]]"
0.67133;0.72114;"[0.68       0.72666667 0.67333333 0.64666667 0.67333333 0.62666667
 0.64666667 0.61333333 0.74666667 0.68      ]";"[0.77142857 0.74285714 0.73714286 0.66571429 0.68285714 0.72857143
 0.75714286 0.71714286 0.71428571 0.69428571]";[-1 -1  1 ... -1  1 -1];"[[1.00000000e+000 1.13960825e-032]
 [9.96101555e-001 3.89844461e-003]
 [3.22581693e-201 1.00000000e+000]
 ...
 [1.00000000e+000 1.01314370e-156]
 [3.77276054e-040 1.00000000e+000]
 [1.00000000e+000 2.36722960e-023]]";"[[6.24145313e-068 1.00000000e+000]
 [0.00000000e+000 1.00000000e+000]
 [1.00000000e+000 0.00000000e+000]
 ...
 [1.00000000e+000 0.00000000e+000]
 [8.84149869e-197 1.00000000e+000]
 [5.94201258e-083 1.00000000e+000]]"
0.68067;0.70686;"[0.69333333 0.66       0.7        0.67333333 0.72666667 0.59333333
 0.71333333 0.68       0.68666667 0.68      ]";"[0.68857143 0.74857143 0.70285714 0.65428571 0.69714286 0.73428571
 0.7        0.72285714 0.70571429 0.71428571]";[-1 -1  1 ... -1 -1 -1];"[[1.00000000e+00 1.83571540e-10]
 [1.00000000e+00 1.63145686e-28]
 [1.34490499e-51 1.00000000e+00]
 ...
 [1.00000000e+00 1.23573610e-13]
 [9.08937160e-01 9.10628395e-02]
 [1.00000000e+00 1.12453975e-29]]";"[[1.00000000e+00 3.09674803e-16]
 [9.99943954e-01 5.60461483e-05]
 [2.77945766e-26 1.00000000e+00]
 ...
 [1.00000000e+00 0.00000000e+00]
 [3.50081601e-04 9.99649918e-01]
 [1.00000000e+00 2.71380814e-30]]"
0.684;0.69886;"[0.69333333 0.68       0.71333333 0.66666667 0.73333333 0.6
 0.72666667 0.68       0.67333333 0.67333333]";"[0.68       0.74       0.70285714 0.66857143 0.7        0.70857143
 0.69142857 0.69142857 0.69142857 0.71428571]";[-1 -1  1 ... -1  1 -1];"[[9.99999999e-01 5.99697567e-10]
 [1.00000000e+00 3.39710586e-23]
 [4.26090742e-46 1.00000000e+00]
 ...
 [1.00000000e+00 2.24943737e-13]
 [4.61606922e-01 5.38393078e-01]
 [1.00000000e+00 1.81943533e-28]]";"[[1.00000000e+00 4.67448166e-15]
 [8.54931869e-01 1.45068131e-01]
 [7.49911868e-25 1.00000000e+00]
 ...
 [1.00000000e+00 0.00000000e+00]
 [2.96072581e-05 9.99970393e-01]
 [1.00000000e+00 4.65690712e-33]]"
